seq,file,page,num,pair,side_guess,object,width,height,x_ppi,y_ppi
0,card-000.jpg,1,0,0,back,440 0,351,457,150,150
1,card-001.jpg,1,1,0,front,441 0,348,454,150,150
2,card-002.jpg,1,2,1,back,442 0,345,450,150,150
3,card-003.jpg,1,3,1,front,443 0,349,447,150,150
4,card-004.jpg,1,4,2,back,442 0,345,450,150,150
5,card-005.jpg,1,5,2,front,444 0,349,446,150,150
6,card-006.jpg,1,6,3,back,442 0,345,450,150,150
7,card-007.jpg,1,7,3,front,445 0,349,448,150,150
8,card-008.jpg,2,8,4,back,333 0,352,470,150,150
9,card-009.jpg,2,9,4,front,4 0,349,470,150,150
10,card-010.jpg,2,10,5,back,333 0,352,470,150,150
11,card-011.jpg,2,11,5,front,332 0,349,449,150,150
12,card-012.jpg,2,12,6,back,333 0,352,470,150,150
13,card-013.jpg,2,13,6,front,5 0,349,434,150,150
14,card-014.jpg,2,14,7,back,333 0,352,470,150,150
15,card-015.jpg,2,15,7,front,3 0,349,456,150,150
16,card-016.jpg,2,16,8,back,333 0,352,470,150,150
17,card-017.jpg,3,17,8,front,337 0,349,451,150,150
18,card-018.jpg,3,18,9,back,333 0,352,470,150,150
19,card-019.jpg,3,19,9,front,334 0,349,451,150,150
20,card-020.jpg,3,20,10,back,333 0,352,470,150,150
21,card-021.jpg,3,21,10,front,335 0,350,451,150,150
22,card-022.jpg,3,22,11,back,333 0,352,470,150,150
23,card-023.jpg,3,23,11,front,8 0,349,461,150,150
24,card-024.jpg,3,24,12,back,333 0,352,470,150,150
25,card-025.jpg,3,25,12,front,336 0,350,473,150,150
26,card-026.jpg,4,26,13,back,333 0,352,470,150,150
27,card-027.jpg,4,27,13,front,11 0,374,472,150,150
28,card-028.jpg,4,28,14,back,333 0,352,470,150,150
29,card-029.jpg,4,29,14,front,12 0,347,469,150,150
30,card-030.jpg,4,30,15,back,333 0,352,470,150,150
31,card-031.jpg,4,31,15,front,13 0,349,469,150,150
32,card-032.jpg,4,32,16,back,333 0,352,470,150,150
33,card-033.jpg,4,33,16,front,332 0,349,449,150,150
34,card-034.jpg,4,34,17,back,333 0,352,470,150,150
35,card-035.jpg,5,35,17,front,337 0,349,451,150,150
36,card-036.jpg,5,36,18,back,333 0,352,470,150,150
37,card-037.jpg,5,37,18,front,334 0,349,451,150,150
38,card-038.jpg,5,38,19,back,333 0,352,470,150,150
39,card-039.jpg,5,39,19,front,335 0,350,451,150,150
40,card-040.jpg,5,40,20,back,333 0,352,470,150,150
41,card-041.jpg,5,41,20,front,338 0,349,450,150,150
42,card-042.jpg,5,42,21,back,333 0,352,470,150,150
43,card-043.jpg,5,43,21,front,336 0,350,473,150,157
44,card-044.jpg,6,44,22,back,18 0,352,451,150,150
45,card-045.jpg,6,45,22,front,19 0,350,452,150,150
46,card-046.jpg,6,46,23,back,18 0,352,451,150,150
47,card-047.jpg,6,47,23,front,20 0,350,453,150,150
48,card-048.jpg,6,48,24,back,18 0,352,451,150,150
49,card-049.jpg,6,49,24,front,336 0,350,473,150,157
50,card-050.jpg,6,50,25,back,339 0,352,445,150,150
51,card-051.jpg,6,51,25,front,21 0,351,447,150,150
52,card-052.jpg,6,52,26,back,339 0,352,445,150,150
53,card-053.jpg,7,53,26,front,24 0,351,446,150,150
54,card-054.jpg,7,54,27,back,339 0,352,445,150,150
55,card-055.jpg,7,55,27,front,25 0,345,446,150,150
56,card-056.jpg,7,56,28,back,339 0,352,445,150,150
57,card-057.jpg,7,57,28,front,26 0,351,460,150,150
58,card-058.jpg,7,58,29,back,339 0,352,445,150,150
59,card-059.jpg,7,59,29,front,336 0,350,473,150,157
60,card-060.jpg,8,60,30,back,340 0,352,460,150,150
61,card-061.jpg,8,61,30,front,342 0,342,460,150,150
62,card-062.jpg,8,62,31,back,340 0,352,460,150,150
63,card-063.jpg,8,63,31,front,341 0,355,458,150,150
64,card-064.jpg,8,64,32,back,340 0,352,460,150,150
65,card-065.jpg,8,65,32,front,342 0,342,460,150,150
66,card-066.jpg,8,66,33,back,340 0,352,460,150,150
67,card-067.jpg,8,67,33,front,342 0,342,460,150,150
68,card-068.jpg,8,68,34,back,340 0,352,460,150,150
69,card-069.jpg,9,69,34,front,340 0,352,460,150,150
70,card-070.jpg,9,70,35,back,342 0,342,460,150,150
71,card-071.jpg,9,71,35,front,340 0,352,460,150,150
72,card-072.jpg,9,72,36,back,342 0,342,460,150,150
73,card-073.jpg,9,73,36,front,340 0,352,460,150,150
74,card-074.jpg,9,74,37,back,342 0,342,460,150,150
75,card-075.jpg,9,75,37,front,340 0,352,460,150,150
76,card-076.jpg,9,76,38,back,342 0,342,460,150,150
77,card-077.jpg,9,77,38,front,340 0,352,460,150,150
78,card-078.jpg,10,78,39,back,342 0,342,460,150,150
79,card-079.jpg,10,79,39,front,340 0,352,460,150,150
80,card-080.jpg,10,80,40,back,342 0,342,460,150,150
81,card-081.jpg,10,81,40,front,340 0,352,460,150,150
82,card-082.jpg,10,82,41,back,342 0,342,460,150,150
83,card-083.jpg,10,83,41,front,340 0,352,460,150,150
84,card-084.jpg,10,84,42,back,342 0,342,460,150,150
85,card-085.jpg,10,85,42,front,340 0,352,460,150,150
86,card-086.jpg,10,86,43,back,342 0,342,460,150,150
87,card-087.jpg,11,87,43,front,340 0,352,460,150,150
88,card-088.jpg,11,88,44,back,342 0,342,460,150,150
89,card-089.jpg,11,89,44,front,340 0,352,460,150,150
90,card-090.jpg,11,90,45,back,341 0,355,458,150,150
91,card-091.jpg,11,91,45,front,340 0,352,460,150,150
92,card-092.jpg,11,92,46,back,341 0,355,458,150,150
93,card-093.jpg,11,93,46,front,340 0,352,460,150,150
94,card-094.jpg,11,94,47,back,341 0,355,458,150,150
95,card-095.jpg,11,95,47,front,340 0,352,460,150,150
96,card-096.jpg,12,96,48,back,341 0,355,458,150,150
97,card-097.jpg,12,97,48,front,340 0,352,460,150,150
98,card-098.jpg,12,98,49,back,341 0,355,458,150,150
99,card-099.jpg,12,99,49,front,340 0,352,460,150,150
100,card-100.jpg,12,100,50,back,341 0,355,458,150,150
101,card-101.jpg,12,101,50,front,340 0,352,460,150,150
102,card-102.jpg,12,102,51,back,341 0,355,458,150,150
103,card-103.jpg,12,103,51,front,340 0,352,460,150,150
104,card-104.jpg,12,104,52,back,341 0,355,458,150,150
105,card-105.jpg,13,105,52,front,340 0,352,460,150,150
106,card-106.jpg,13,106,53,back,341 0,355,458,150,150
107,card-107.jpg,13,107,53,front,340 0,352,460,150,150
108,card-108.jpg,13,108,54,back,341 0,355,458,150,150
109,card-109.jpg,13,109,54,front,340 0,352,460,150,150
110,card-110.jpg,13,110,55,back,341 0,355,458,150,150
111,card-111.jpg,13,111,55,front,340 0,352,460,150,150
112,card-112.jpg,13,112,56,back,341 0,355,458,150,150
113,card-113.jpg,13,113,56,front,340 0,352,460,150,150
114,card-114.jpg,14,114,57,back,341 0,355,458,150,150
115,card-115.jpg,14,115,57,front,340 0,352,460,150,150
116,card-116.jpg,14,116,58,back,41 0,349,461,150,157
117,card-117.jpg,14,117,58,front,340 0,352,460,150,150
118,card-118.jpg,14,118,59,back,41 0,349,461,150,157
119,card-119.jpg,14,119,59,front,340 0,352,460,150,150
120,card-120.jpg,14,120,60,back,41 0,349,461,150,150
121,card-121.jpg,14,121,60,front,340 0,352,460,150,150
122,card-122.jpg,14,122,61,back,343 0,347,450,150,150
123,card-123.jpg,15,123,61,front,346 0,359,450,150,150
124,card-124.jpg,15,124,62,back,344 0,363,450,150,150
125,card-125.jpg,15,125,62,front,346 0,359,450,150,150
126,card-126.jpg,15,126,63,back,345 0,353,459,150,156
127,card-127.jpg,15,127,63,front,340 0,352,460,150,150
128,card-128.jpg,15,128,64,back,343 0,347,450,150,150
129,card-129.jpg,15,129,64,front,346 0,359,450,150,150
130,card-130.jpg,15,130,65,back,344 0,363,450,150,150
131,card-131.jpg,15,131,65,front,346 0,359,450,150,150
132,card-132.jpg,16,132,66,back,345 0,353,459,150,156
133,card-133.jpg,16,133,66,front,340 0,352,460,150,150
134,card-134.jpg,16,134,67,back,343 0,347,450,150,150
135,card-135.jpg,16,135,67,front,346 0,359,450,150,150
136,card-136.jpg,16,136,68,back,344 0,363,450,150,150
137,card-137.jpg,16,137,68,front,346 0,359,450,150,150
138,card-138.jpg,16,138,69,back,345 0,353,459,150,156
139,card-139.jpg,16,139,69,front,340 0,352,460,150,150
140,card-140.jpg,16,140,70,back,343 0,347,450,150,150
141,card-141.jpg,17,141,70,front,346 0,359,450,150,150
142,card-142.jpg,17,142,71,back,48 0,340,451,150,150
143,card-143.jpg,17,143,71,front,346 0,359,450,150,150
144,card-144.jpg,17,144,72,back,345 0,353,459,150,156
145,card-145.jpg,17,145,72,front,340 0,352,460,150,150
146,card-146.jpg,17,146,73,back,348 0,340,458,150,153
147,card-147.jpg,17,147,73,front,346 0,359,450,150,150
148,card-148.jpg,17,148,74,back,347 0,349,451,150,150
149,card-149.jpg,17,149,74,front,346 0,359,450,150,150
150,card-150.jpg,18,150,75,back,345 0,353,459,150,150
151,card-151.jpg,18,151,75,front,340 0,352,460,150,150
152,card-152.jpg,18,152,76,back,348 0,340,458,150,150
153,card-153.jpg,18,153,76,front,346 0,359,450,150,150
154,card-154.jpg,18,154,77,back,347 0,349,451,150,150
155,card-155.jpg,18,155,77,front,346 0,359,450,150,150
156,card-156.jpg,18,156,78,back,345 0,353,459,150,150
157,card-157.jpg,18,157,78,front,340 0,352,460,150,150
158,card-158.jpg,18,158,79,back,349 0,349,451,150,150
159,card-159.jpg,19,159,79,front,340 0,352,460,150,150
160,card-160.jpg,19,160,80,back,349 0,349,451,150,150
161,card-161.jpg,19,161,80,front,340 0,352,460,150,150
162,card-162.jpg,19,162,81,back,349 0,349,451,150,150
163,card-163.jpg,19,163,81,front,340 0,352,460,150,150
164,card-164.jpg,19,164,82,back,349 0,349,451,150,150
165,card-165.jpg,19,165,82,front,340 0,352,460,150,150
166,card-166.jpg,19,166,83,back,349 0,349,451,150,150
167,card-167.jpg,19,167,83,front,340 0,352,460,150,150
168,card-168.jpg,20,168,84,back,349 0,349,451,150,150
169,card-169.jpg,20,169,84,front,340 0,352,460,150,150
170,card-170.jpg,20,170,85,back,350 0,349,439,150,150
171,card-171.jpg,20,171,85,front,340 0,352,460,150,150
172,card-172.jpg,20,172,86,back,350 0,349,439,150,150
173,card-173.jpg,20,173,86,front,340 0,352,460,150,150
174,card-174.jpg,20,174,87,back,350 0,349,439,150,150
175,card-175.jpg,20,175,87,front,340 0,352,460,150,150
176,card-176.jpg,20,176,88,back,350 0,349,439,150,150
177,card-177.jpg,21,177,88,front,340 0,352,460,150,150
178,card-178.jpg,21,178,89,back,350 0,349,439,150,150
179,card-179.jpg,21,179,89,front,340 0,352,460,150,150
180,card-180.jpg,21,180,90,back,350 0,349,439,150,150
181,card-181.jpg,21,181,90,front,352 0,359,459,150,153
182,card-182.jpg,21,182,91,back,351 0,349,451,150,150
183,card-183.jpg,21,183,91,front,352 0,359,459,150,153
184,card-184.jpg,21,184,92,back,351 0,349,451,150,150
185,card-185.jpg,21,185,92,front,352 0,359,459,150,153
186,card-186.jpg,22,186,93,back,351 0,349,451,150,150
187,card-187.jpg,22,187,93,front,352 0,359,459,150,153
188,card-188.jpg,22,188,94,back,351 0,349,451,150,150
189,card-189.jpg,22,189,94,front,352 0,359,459,150,153
190,card-190.jpg,22,190,95,back,353 0,340,448,150,150
191,card-191.jpg,22,191,95,front,352 0,359,459,150,153
192,card-192.jpg,22,192,96,back,353 0,340,448,150,150
193,card-193.jpg,22,193,96,front,352 0,359,459,150,153
194,card-194.jpg,22,194,97,back,353 0,340,448,150,150
195,card-195.jpg,23,195,97,front,352 0,359,459,150,153
196,card-196.jpg,23,196,98,back,353 0,340,448,150,150
197,card-197.jpg,23,197,98,front,352 0,359,459,150,153
198,card-198.jpg,23,198,99,back,353 0,340,448,150,150
199,card-199.jpg,23,199,99,front,352 0,359,459,150,153
200,card-200.jpg,23,200,100,back,353 0,340,448,150,150
201,card-201.jpg,23,201,100,front,352 0,359,459,150,150
202,card-202.jpg,23,202,101,back,342 0,342,460,150,150
203,card-203.jpg,23,203,101,front,352 0,359,459,150,150
204,card-204.jpg,24,204,102,back,342 0,342,460,150,150
205,card-205.jpg,24,205,102,front,352 0,359,459,150,153
206,card-206.jpg,24,206,103,back,342 0,342,460,150,150
207,card-207.jpg,24,207,103,front,352 0,359,459,150,153
208,card-208.jpg,24,208,104,back,341 0,355,458,150,150
209,card-209.jpg,24,209,104,front,352 0,359,459,150,153
210,card-210.jpg,24,210,105,back,63 0,349,450,150,150
211,card-211.jpg,24,211,105,front,352 0,359,459,150,153
212,card-212.jpg,24,212,106,back,350 0,349,439,150,150
213,card-213.jpg,25,213,106,front,352 0,359,459,150,153
214,card-214.jpg,25,214,107,back,350 0,349,439,150,150
215,card-215.jpg,25,215,107,front,352 0,359,459,150,153
216,card-216.jpg,25,216,108,back,350 0,349,439,150,150
217,card-217.jpg,25,217,108,front,352 0,359,459,150,153
218,card-218.jpg,25,218,109,back,66 0,359,432,150,150
219,card-219.jpg,25,219,109,front,352 0,359,459,150,153
220,card-220.jpg,25,220,110,back,354 0,349,451,150,150
221,card-221.jpg,25,221,110,front,352 0,359,459,150,153
222,card-222.jpg,26,222,111,back,354 0,349,451,150,150
223,card-223.jpg,26,223,111,front,352 0,359,459,150,153
224,card-224.jpg,26,224,112,back,354 0,349,451,150,150
225,card-225.jpg,26,225,112,front,352 0,359,459,150,153
226,card-226.jpg,26,226,113,back,69 0,349,456,150,150
227,card-227.jpg,26,227,113,front,352 0,359,459,150,153
228,card-228.jpg,26,228,114,back,69 0,349,456,150,150
229,card-229.jpg,26,229,114,front,352 0,359,459,150,153
230,card-230.jpg,26,230,115,back,355 0,363,455,150,150
231,card-231.jpg,27,231,115,front,352 0,359,459,150,153
232,card-232.jpg,27,232,116,back,355 0,363,455,150,150
233,card-233.jpg,27,233,116,front,352 0,359,459,150,153
234,card-234.jpg,27,234,117,back,355 0,363,455,150,150
235,card-235.jpg,27,235,117,front,352 0,359,459,150,153
236,card-236.jpg,27,236,118,back,348 0,340,458,150,150
237,card-237.jpg,27,237,118,front,346 0,359,450,150,150
238,card-238.jpg,27,238,119,back,344 0,363,450,150,150
239,card-239.jpg,27,239,119,front,346 0,359,450,150,150
240,card-240.jpg,28,240,120,back,356 0,374,454,150,150
241,card-241.jpg,28,241,120,front,74 0,359,457,150,150
242,card-242.jpg,28,242,121,back,348 0,340,458,150,150
243,card-243.jpg,28,243,121,front,352 0,359,459,150,153
244,card-244.jpg,28,244,122,back,344 0,363,450,150,150
245,card-245.jpg,28,245,122,front,346 0,359,450,150,150
246,card-246.jpg,28,246,123,back,356 0,374,454,150,150
247,card-247.jpg,28,247,123,front,352 0,359,459,150,153
248,card-248.jpg,28,248,124,back,348 0,340,458,150,150
249,card-249.jpg,29,249,124,front,346 0,359,450,150,150
250,card-250.jpg,29,250,125,back,344 0,363,450,150,150
251,card-251.jpg,29,251,125,front,346 0,359,450,150,150
252,card-252.jpg,29,252,126,back,356 0,374,454,150,150
253,card-253.jpg,29,253,126,front,352 0,359,459,150,153
254,card-254.jpg,29,254,127,back,348 0,340,458,150,153
255,card-255.jpg,29,255,127,front,346 0,359,450,150,150
256,card-256.jpg,29,256,128,back,344 0,363,450,150,150
257,card-257.jpg,29,257,128,front,346 0,359,450,150,150
258,card-258.jpg,30,258,129,back,356 0,374,454,150,150
259,card-259.jpg,30,259,129,front,352 0,359,459,150,153
260,card-260.jpg,30,260,130,back,348 0,340,458,150,153
261,card-261.jpg,30,261,130,front,346 0,359,450,150,150
262,card-262.jpg,30,262,131,back,344 0,363,450,150,150
263,card-263.jpg,30,263,131,front,346 0,359,450,150,150
264,card-264.jpg,30,264,132,back,356 0,374,454,150,150
265,card-265.jpg,30,265,132,front,357 0,359,461,150,150
266,card-266.jpg,30,266,133,back,358 0,359,460,150,150
267,card-267.jpg,31,267,133,front,357 0,359,461,150,150
268,card-268.jpg,31,268,134,back,358 0,359,460,150,150
269,card-269.jpg,31,269,134,front,357 0,359,461,150,150
270,card-270.jpg,31,270,135,back,358 0,359,460,150,150
271,card-271.jpg,31,271,135,front,357 0,359,461,150,150
272,card-272.jpg,31,272,136,back,81 0,359,453,150,150
273,card-273.jpg,31,273,136,front,357 0,359,461,150,150
274,card-274.jpg,31,274,137,back,81 0,359,453,150,150
275,card-275.jpg,31,275,137,front,357 0,359,461,150,150
276,card-276.jpg,32,276,138,back,84 0,362,461,150,150
277,card-277.jpg,32,277,138,front,357 0,359,461,150,150
278,card-278.jpg,32,278,139,back,84 0,362,461,150,150
279,card-279.jpg,32,279,139,front,357 0,359,461,150,150
280,card-280.jpg,32,280,140,back,84 0,362,461,150,150
281,card-281.jpg,32,281,140,front,357 0,359,461,150,150
282,card-282.jpg,32,282,141,back,85 0,362,461,150,150
283,card-283.jpg,32,283,141,front,357 0,359,461,150,150
284,card-284.jpg,32,284,142,back,85 0,362,461,150,150
285,card-285.jpg,33,285,142,front,357 0,359,461,150,150
286,card-286.jpg,33,286,143,back,88 0,352,463,150,150
287,card-287.jpg,33,287,143,front,357 0,359,461,150,150
288,card-288.jpg,33,288,144,back,88 0,352,463,150,150
289,card-289.jpg,33,289,144,front,357 0,359,461,150,150
290,card-290.jpg,33,290,145,back,88 0,352,463,150,150
291,card-291.jpg,33,291,145,front,357 0,359,461,150,150
292,card-292.jpg,33,292,146,back,359 0,352,439,150,150
293,card-293.jpg,33,293,146,front,357 0,359,461,150,150
294,card-294.jpg,34,294,147,back,359 0,352,439,150,150
295,card-295.jpg,34,295,147,front,360 0,352,447,150,150
296,card-296.jpg,34,296,148,back,91 0,352,448,150,150
297,card-297.jpg,34,297,148,front,360 0,352,447,150,150
298,card-298.jpg,34,298,149,back,91 0,352,448,150,150
299,card-299.jpg,34,299,149,front,360 0,352,447,150,150
300,card-300.jpg,34,300,150,back,91 0,352,448,150,150
301,card-301.jpg,34,301,150,front,360 0,352,447,150,150
302,card-302.jpg,34,302,151,back,361 0,352,446,150,150
303,card-303.jpg,35,303,151,front,360 0,352,447,150,150
304,card-304.jpg,35,304,152,back,361 0,352,446,150,150
305,card-305.jpg,35,305,152,front,360 0,352,447,150,150
306,card-306.jpg,35,306,153,back,361 0,352,446,150,150
307,card-307.jpg,35,307,153,front,360 0,352,447,150,150
308,card-308.jpg,35,308,154,back,362 0,352,446,150,150
309,card-309.jpg,35,309,154,front,360 0,352,447,150,150
310,card-310.jpg,35,310,155,back,362 0,352,446,150,150
311,card-311.jpg,35,311,155,front,360 0,352,447,150,150
312,card-312.jpg,36,312,156,back,362 0,352,446,150,150
313,card-313.jpg,36,313,156,front,360 0,352,447,150,150
314,card-314.jpg,36,314,157,back,96 0,352,448,150,150
315,card-315.jpg,36,315,157,front,360 0,352,447,150,150
316,card-316.jpg,36,316,158,back,96 0,352,448,150,150
317,card-317.jpg,36,317,158,front,360 0,352,447,150,150
318,card-318.jpg,36,318,159,back,96 0,352,448,150,150
319,card-319.jpg,36,319,159,front,360 0,352,447,150,150
320,card-320.jpg,36,320,160,back,363 0,352,447,150,150
321,card-321.jpg,37,321,160,front,360 0,352,447,150,150
322,card-322.jpg,37,322,161,back,363 0,352,447,150,150
323,card-323.jpg,37,323,161,front,360 0,352,447,150,150
324,card-324.jpg,37,324,162,back,363 0,352,447,150,150
325,card-325.jpg,37,325,162,front,360 0,352,447,150,150
326,card-326.jpg,37,326,163,back,99 0,362,446,150,150
327,card-327.jpg,37,327,163,front,360 0,352,447,150,150
328,card-328.jpg,37,328,164,back,99 0,362,446,150,150
329,card-329.jpg,37,329,164,front,360 0,352,447,150,150
330,card-330.jpg,38,330,165,back,102 0,353,450,150,150
331,card-331.jpg,38,331,165,front,360 0,352,447,150,150
332,card-332.jpg,38,332,166,back,102 0,353,450,150,150
333,card-333.jpg,38,333,166,front,360 0,352,447,150,150
334,card-334.jpg,38,334,167,back,102 0,353,450,150,150
335,card-335.jpg,38,335,167,front,360 0,352,447,150,150
336,card-336.jpg,38,336,168,back,364 0,371,450,150,150
337,card-337.jpg,38,337,168,front,339 0,352,445,150,150
338,card-338.jpg,38,338,169,back,365 0,352,449,150,150
339,card-339.jpg,39,339,169,front,339 0,352,445,150,150
340,card-340.jpg,39,340,170,back,105 0,352,456,150,150
341,card-341.jpg,39,341,170,front,360 0,352,447,150,150
342,card-342.jpg,39,342,171,back,364 0,371,450,150,150
343,card-343.jpg,39,343,171,front,346 0,359,450,150,150
344,card-344.jpg,39,344,172,back,365 0,352,449,150,150
345,card-345.jpg,39,345,172,front,346 0,359,450,150,150
346,card-346.jpg,39,346,173,back,105 0,352,456,150,150
347,card-347.jpg,40,347,173,front,366 0,276,183,119,61
348,card-348.jpg,40,348,174,back,108 0,350,449,150,150
349,card-349.jpg,40,349,174,front,366 0,276,183,119,61
350,card-350.jpg,40,350,175,back,108 0,350,449,150,150
351,card-351.jpg,40,351,175,front,366 0,276,183,119,61
352,card-352.jpg,40,352,176,back,351 0,349,451,150,150
353,card-353.jpg,40,353,176,front,366 0,276,183,119,61
354,card-354.jpg,40,354,177,back,351 0,349,451,150,150
355,card-355.jpg,40,355,177,front,366 0,276,183,119,61
356,card-356.jpg,41,356,178,back,111 0,349,450,150,150
357,card-357.jpg,41,357,178,front,366 0,276,183,119,61
358,card-358.jpg,41,358,179,back,111 0,349,450,150,150
359,card-359.jpg,41,359,179,front,366 0,276,183,119,61
360,card-360.jpg,41,360,180,back,111 0,349,450,150,150
361,card-361.jpg,41,361,180,front,366 0,276,183,119,61
362,card-362.jpg,41,362,181,back,367 0,363,464,150,150
363,card-363.jpg,41,363,181,front,368 0,374,469,150,150
364,card-364.jpg,41,364,182,back,369 0,362,470,150,150
365,card-365.jpg,42,365,182,front,368 0,374,469,150,150
366,card-366.jpg,42,366,183,back,371 0,349,450,150,150
367,card-367.jpg,42,367,183,front,366 0,276,183,119,61
368,card-368.jpg,42,368,184,back,370 0,375,469,150,150
369,card-369.jpg,42,369,184,front,368 0,374,469,150,150
370,card-370.jpg,42,370,185,back,369 0,362,470,150,150
371,card-371.jpg,42,371,185,front,368 0,374,469,150,150
372,card-372.jpg,42,372,186,back,371 0,349,450,150,150
373,card-373.jpg,42,373,186,front,366 0,276,183,119,61
374,card-374.jpg,43,374,187,back,370 0,375,469,150,150
375,card-375.jpg,43,375,187,front,368 0,374,469,150,150
376,card-376.jpg,43,376,188,back,369 0,362,470,150,150
377,card-377.jpg,43,377,188,front,368 0,374,469,150,150
378,card-378.jpg,43,378,189,back,371 0,349,450,150,150
379,card-379.jpg,43,379,189,front,366 0,276,183,119,61
380,card-380.jpg,43,380,190,back,116 0,374,469,150,150
381,card-381.jpg,43,381,190,front,366 0,276,183,119,61
382,card-382.jpg,43,382,191,back,116 0,374,469,150,150
383,card-383.jpg,44,383,191,front,366 0,276,183,119,61
384,card-384.jpg,44,384,192,back,119 0,362,449,150,150
385,card-385.jpg,44,385,192,front,366 0,276,183,119,61
386,card-386.jpg,44,386,193,back,119 0,362,449,150,150
387,card-387.jpg,44,387,193,front,366 0,276,183,119,61
388,card-388.jpg,44,388,194,back,120 0,338,450,150,150
389,card-389.jpg,44,389,194,front,366 0,276,183,119,61
390,card-390.jpg,44,390,195,back,120 0,338,450,150,150
391,card-391.jpg,44,391,195,front,366 0,276,183,119,61
392,card-392.jpg,45,392,196,back,123 0,351,451,150,150
393,card-393.jpg,45,393,196,front,366 0,276,183,119,61
394,card-394.jpg,45,394,197,back,123 0,351,451,150,150
395,card-395.jpg,45,395,197,front,366 0,276,183,119,61
396,card-396.jpg,45,396,198,back,372 0,351,450,150,150
397,card-397.jpg,45,397,198,front,366 0,276,183,119,61
398,card-398.jpg,45,398,199,back,372 0,351,450,150,150
399,card-399.jpg,45,399,199,front,366 0,276,183,119,61
400,card-400.jpg,45,400,200,back,373 0,349,429,150,150
401,card-401.jpg,46,401,200,front,366 0,276,183,119,61
402,card-402.jpg,46,402,201,back,373 0,349,429,150,150
403,card-403.jpg,46,403,201,front,366 0,276,183,119,61
404,card-404.jpg,46,404,202,back,126 0,349,447,150,150
405,card-405.jpg,46,405,202,front,366 0,276,183,119,61
406,card-406.jpg,46,406,203,back,127 0,363,450,150,150
407,card-407.jpg,46,407,203,front,366 0,276,183,119,61
408,card-408.jpg,46,408,204,back,127 0,363,450,150,150
409,card-409.jpg,46,409,204,front,366 0,276,183,119,61
410,card-410.jpg,47,410,205,back,130 0,362,451,150,150
411,card-411.jpg,47,411,205,front,366 0,276,183,119,61
412,card-412.jpg,47,412,206,back,130 0,362,451,150,150
413,card-413.jpg,47,413,206,front,366 0,276,183,119,61
414,card-414.jpg,47,414,207,back,131 0,375,449,150,150
415,card-415.jpg,47,415,207,front,366 0,276,183,119,61
416,card-416.jpg,47,416,208,back,131 0,375,449,150,150
417,card-417.jpg,47,417,208,front,366 0,276,183,119,61
418,card-418.jpg,47,418,209,back,374 0,375,450,150,150
419,card-419.jpg,48,419,209,front,366 0,276,183,119,61
420,card-420.jpg,48,420,210,back,374 0,375,450,150,150
421,card-421.jpg,48,421,210,front,366 0,276,183,119,61
422,card-422.jpg,48,422,211,back,134 0,375,466,150,150
423,card-423.jpg,48,423,211,front,366 0,276,183,119,61
424,card-424.jpg,48,424,212,back,375 0,363,449,150,150
425,card-425.jpg,48,425,212,front,366 0,276,183,119,61
426,card-426.jpg,48,426,213,back,375 0,363,449,150,150
427,card-427.jpg,48,427,213,front,366 0,276,183,119,61
428,card-428.jpg,49,428,214,back,375 0,363,449,150,150
429,card-429.jpg,49,429,214,front,366 0,276,183,119,61
430,card-430.jpg,49,430,215,back,137 0,362,450,150,150
431,card-431.jpg,49,431,215,front,366 0,276,183,119,61
432,card-432.jpg,49,432,216,back,137 0,362,450,150,150
433,card-433.jpg,49,433,216,front,376 0,375,450,150,150
434,card-434.jpg,49,434,217,back,372 0,351,450,150,150
435,card-435.jpg,49,435,217,front,376 0,375,450,150,150
436,card-436.jpg,50,436,218,back,372 0,351,450,150,150
437,card-437.jpg,50,437,218,front,376 0,375,450,150,150
438,card-438.jpg,50,438,219,back,372 0,351,450,150,150
439,card-439.jpg,50,439,219,front,376 0,375,450,150,150
440,card-440.jpg,50,440,220,back,372 0,351,450,150,150
441,card-441.jpg,50,441,220,front,376 0,375,450,150,150
442,card-442.jpg,50,442,221,back,372 0,351,450,150,150
443,card-443.jpg,50,443,221,front,376 0,375,450,150,150
444,card-444.jpg,50,444,222,back,372 0,351,450,150,150
445,card-445.jpg,51,445,222,front,376 0,375,450,150,150
446,card-446.jpg,51,446,223,back,372 0,351,450,150,150
447,card-447.jpg,51,447,223,front,376 0,375,450,150,150
448,card-448.jpg,51,448,224,back,341 0,355,458,150,150
449,card-449.jpg,51,449,224,front,376 0,375,450,150,150
450,card-450.jpg,51,450,225,back,341 0,355,458,150,150
451,card-451.jpg,51,451,225,front,376 0,375,450,150,150
452,card-452.jpg,51,452,226,back,341 0,355,458,150,150
453,card-453.jpg,51,453,226,front,376 0,375,450,150,150
454,card-454.jpg,52,454,227,back,341 0,355,458,150,150
455,card-455.jpg,52,455,227,front,376 0,375,450,150,150
456,card-456.jpg,52,456,228,back,341 0,355,458,150,150
457,card-457.jpg,52,457,228,front,376 0,375,450,150,150
458,card-458.jpg,52,458,229,back,341 0,355,458,150,150
459,card-459.jpg,52,459,229,front,376 0,375,450,150,150
460,card-460.jpg,52,460,230,back,341 0,355,458,150,150
461,card-461.jpg,52,461,230,front,376 0,375,450,150,150
462,card-462.jpg,52,462,231,back,377 0,357,460,150,150
463,card-463.jpg,53,463,231,front,376 0,375,450,150,150
464,card-464.jpg,53,464,232,back,146 0,364,460,150,150
465,card-465.jpg,53,465,232,front,376 0,375,450,150,150
466,card-466.jpg,53,466,233,back,377 0,357,460,150,150
467,card-467.jpg,53,467,233,front,376 0,375,450,150,150
468,card-468.jpg,53,468,234,back,377 0,357,460,150,150
469,card-469.jpg,53,469,234,front,376 0,375,450,150,150
470,card-470.jpg,53,470,235,back,377 0,357,460,150,150
471,card-471.jpg,53,471,235,front,376 0,375,450,150,150
472,card-472.jpg,54,472,236,back,377 0,357,460,150,150
473,card-473.jpg,54,473,236,front,376 0,375,450,150,150
474,card-474.jpg,54,474,237,back,377 0,357,460,150,150
475,card-475.jpg,54,475,237,front,376 0,375,450,150,150
476,card-476.jpg,54,476,238,back,149 0,356,451,150,150
477,card-477.jpg,54,477,238,front,376 0,375,450,150,150
478,card-478.jpg,54,478,239,back,378 0,357,449,150,150
479,card-479.jpg,54,479,239,front,376 0,375,450,150,150
480,card-480.jpg,54,480,240,back,378 0,357,449,150,150
481,card-481.jpg,55,481,240,front,376 0,375,450,150,150
482,card-482.jpg,55,482,241,back,378 0,357,449,150,150
483,card-483.jpg,55,483,241,front,376 0,375,450,150,150
484,card-484.jpg,55,484,242,back,152 0,376,449,150,150
485,card-485.jpg,55,485,242,front,376 0,375,450,150,150
486,card-486.jpg,55,486,243,back,152 0,376,449,150,150
487,card-487.jpg,55,487,243,front,376 0,375,450,150,150
488,card-488.jpg,55,488,244,back,379 0,362,450,150,150
489,card-489.jpg,55,489,244,front,376 0,375,450,150,150
490,card-490.jpg,56,490,245,back,379 0,362,450,150,150
491,card-491.jpg,56,491,245,front,376 0,375,450,150,150
492,card-492.jpg,56,492,246,back,380 0,362,451,150,150
493,card-493.jpg,56,493,246,front,376 0,375,450,150,150
494,card-494.jpg,56,494,247,back,380 0,362,451,150,150
495,card-495.jpg,56,495,247,front,376 0,375,450,150,150
496,card-496.jpg,56,496,248,back,381 0,350,449,150,150
497,card-497.jpg,56,497,248,front,376 0,375,450,150,150
498,card-498.jpg,56,498,249,back,381 0,350,449,150,150
499,card-499.jpg,57,499,249,front,376 0,375,450,150,150
500,card-500.jpg,57,500,250,back,381 0,350,449,150,150
501,card-501.jpg,57,501,250,front,376 0,375,450,150,150
502,card-502.jpg,57,502,251,back,381 0,350,449,150,150
503,card-503.jpg,57,503,251,front,376 0,375,450,150,150
504,card-504.jpg,57,504,252,back,381 0,350,449,150,150
505,card-505.jpg,57,505,252,front,376 0,375,450,150,150
506,card-506.jpg,57,506,253,back,381 0,350,449,150,150
507,card-507.jpg,57,507,253,front,376 0,375,450,150,150
508,card-508.jpg,58,508,254,back,159 0,349,449,150,150
509,card-509.jpg,58,509,254,front,376 0,375,450,150,150
510,card-510.jpg,58,510,255,back,380 0,362,451,150,150
511,card-511.jpg,58,511,255,front,376 0,375,450,150,150
512,card-512.jpg,58,512,256,back,380 0,362,451,150,150
513,card-513.jpg,58,513,256,front,376 0,375,450,150,150
514,card-514.jpg,58,514,257,back,380 0,362,451,150,150
515,card-515.jpg,58,515,257,front,376 0,375,450,150,150
516,card-516.jpg,58,516,258,back,382 0,349,450,150,150
517,card-517.jpg,59,517,258,front,376 0,375,450,150,150
518,card-518.jpg,59,518,259,back,382 0,349,450,150,150
519,card-519.jpg,59,519,259,front,376 0,375,450,150,150
520,card-520.jpg,59,520,260,back,162 0,376,449,150,150
521,card-521.jpg,59,521,260,front,376 0,375,450,150,150
522,card-522.jpg,59,522,261,back,162 0,376,449,150,150
523,card-523.jpg,59,523,261,front,383 0,362,450,150,150
524,card-524.jpg,59,524,262,back,163 0,350,449,150,150
525,card-525.jpg,59,525,262,front,383 0,362,450,150,150
526,card-526.jpg,60,526,263,back,166 0,361,449,150,150
527,card-527.jpg,60,527,263,front,384 0,363,451,150,150
528,card-528.jpg,60,528,264,back,167 0,349,453,150,150
529,card-529.jpg,60,529,264,front,384 0,363,451,150,150
530,card-530.jpg,60,530,265,back,385 0,362,450,150,150
531,card-531.jpg,60,531,265,front,383 0,362,450,150,150
532,card-532.jpg,60,532,266,back,166 0,361,449,150,150
533,card-533.jpg,60,533,266,front,384 0,363,451,150,150
534,card-534.jpg,60,534,267,back,167 0,349,453,150,150
535,card-535.jpg,61,535,267,front,384 0,363,451,150,150
536,card-536.jpg,61,536,268,back,385 0,362,450,150,150
537,card-537.jpg,61,537,268,front,384 0,363,451,150,150
538,card-538.jpg,61,538,269,back,170 0,364,450,150,150
539,card-539.jpg,61,539,269,front,384 0,363,451,150,150
540,card-540.jpg,61,540,270,back,170 0,364,450,150,150
541,card-541.jpg,61,541,270,front,386 0,150,200,65,67
542,card-542.jpg,61,542,271,back,387 0,363,450,150,150
543,card-543.jpg,61,543,271,front,386 0,150,200,65,67
544,card-544.jpg,62,544,272,back,387 0,363,450,150,150
545,card-545.jpg,62,545,272,front,386 0,150,200,65,67
546,card-546.jpg,62,546,273,back,387 0,363,450,150,150
547,card-547.jpg,62,547,273,front,384 0,363,451,150,150
548,card-548.jpg,62,548,274,back,173 0,362,448,150,150
549,card-549.jpg,62,549,274,front,384 0,363,451,150,150
550,card-550.jpg,62,550,275,back,173 0,362,448,150,150
551,card-551.jpg,62,551,275,front,386 0,150,200,65,67
552,card-552.jpg,62,552,276,back,388 0,363,449,150,150
553,card-553.jpg,63,553,276,front,386 0,150,200,65,67
554,card-554.jpg,63,554,277,back,388 0,363,449,150,150
555,card-555.jpg,63,555,277,front,384 0,363,451,150,150
556,card-556.jpg,63,556,278,back,176 0,362,451,150,150
557,card-557.jpg,63,557,278,front,384 0,363,451,150,150
558,card-558.jpg,63,558,279,back,176 0,362,451,150,150
559,card-559.jpg,63,559,279,front,386 0,150,200,65,67
560,card-560.jpg,63,560,280,back,389 0,349,450,150,150
561,card-561.jpg,63,561,280,front,386 0,150,200,65,67
562,card-562.jpg,64,562,281,back,389 0,349,450,150,150
563,card-563.jpg,64,563,281,front,384 0,363,451,150,150
564,card-564.jpg,64,564,282,back,179 0,363,449,150,150
565,card-565.jpg,64,565,282,front,384 0,363,451,150,150
566,card-566.jpg,64,566,283,back,180 0,363,449,150,150
567,card-567.jpg,64,567,283,front,386 0,150,200,65,67
568,card-568.jpg,64,568,284,back,181 0,349,451,150,150
569,card-569.jpg,64,569,284,front,386 0,150,200,65,67
570,card-570.jpg,64,570,285,back,181 0,349,451,150,150
571,card-571.jpg,65,571,285,front,384 0,363,451,150,150
572,card-572.jpg,65,572,286,back,184 0,350,450,150,150
573,card-573.jpg,65,573,286,front,384 0,363,451,150,150
574,card-574.jpg,65,574,287,back,184 0,350,450,150,150
575,card-575.jpg,65,575,287,front,386 0,150,200,65,67
576,card-576.jpg,65,576,288,back,185 0,351,448,150,150
577,card-577.jpg,65,577,288,front,386 0,150,200,65,67
578,card-578.jpg,65,578,289,back,186 0,351,445,150,150
579,card-579.jpg,65,579,289,front,384 0,363,451,150,150
580,card-580.jpg,66,580,290,back,189 0,348,450,150,150
581,card-581.jpg,66,581,290,front,384 0,363,451,150,150
582,card-582.jpg,66,582,291,back,189 0,348,450,150,150
583,card-583.jpg,66,583,291,front,386 0,150,200,65,67
584,card-584.jpg,66,584,292,back,190 0,363,450,150,150
585,card-585.jpg,66,585,292,front,386 0,150,200,65,67
586,card-586.jpg,66,586,293,back,190 0,363,450,150,150
587,card-587.jpg,66,587,293,front,384 0,363,451,150,150
588,card-588.jpg,66,588,294,back,390 0,363,451,150,150
589,card-589.jpg,67,589,294,front,384 0,363,451,150,150
590,card-590.jpg,67,590,295,back,390 0,363,451,150,150
591,card-591.jpg,67,591,295,front,386 0,150,200,65,67
592,card-592.jpg,67,592,296,back,193 0,363,450,150,150
593,card-593.jpg,67,593,296,front,386 0,150,200,65,67
594,card-594.jpg,67,594,297,back,193 0,363,450,150,150
595,card-595.jpg,67,595,297,front,384 0,363,451,150,150
596,card-596.jpg,67,596,298,back,391 0,375,449,150,150
597,card-597.jpg,67,597,298,front,384 0,363,451,150,150
598,card-598.jpg,68,598,299,back,391 0,375,449,150,150
599,card-599.jpg,68,599,299,front,386 0,150,200,65,67
600,card-600.jpg,68,600,300,back,196 0,351,440,150,150
601,card-601.jpg,68,601,300,front,386 0,150,200,65,67
602,card-602.jpg,68,602,301,back,196 0,351,440,150,150
603,card-603.jpg,68,603,301,front,384 0,363,451,150,150
604,card-604.jpg,68,604,302,back,197 0,351,451,150,150
605,card-605.jpg,68,605,302,front,384 0,363,451,150,150
606,card-606.jpg,68,606,303,back,197 0,351,451,150,150
607,card-607.jpg,69,607,303,front,386 0,150,200,65,67
608,card-608.jpg,69,608,304,back,200 0,363,450,150,150
609,card-609.jpg,69,609,304,front,386 0,150,200,65,67
610,card-610.jpg,69,610,305,back,200 0,363,450,150,150
611,card-611.jpg,69,611,305,front,384 0,363,451,150,150
612,card-612.jpg,69,612,306,back,201 0,363,449,150,150
613,card-613.jpg,69,613,306,front,384 0,363,451,150,150
614,card-614.jpg,69,614,307,back,201 0,363,449,150,150
615,card-615.jpg,69,615,307,front,386 0,150,200,65,67
616,card-616.jpg,70,616,308,back,204 0,363,450,150,150
617,card-617.jpg,70,617,308,front,386 0,150,200,65,67
618,card-618.jpg,70,618,309,back,204 0,363,450,150,150
619,card-619.jpg,70,619,309,front,384 0,363,451,150,150
620,card-620.jpg,70,620,310,back,205 0,361,451,150,150
621,card-621.jpg,70,621,310,front,384 0,363,451,150,150
622,card-622.jpg,70,622,311,back,205 0,361,451,150,150
623,card-623.jpg,70,623,311,front,386 0,150,200,65,67
624,card-624.jpg,70,624,312,back,392 0,350,450,150,150
625,card-625.jpg,71,625,312,front,386 0,150,200,65,67
626,card-626.jpg,71,626,313,back,392 0,350,450,150,150
627,card-627.jpg,71,627,313,front,384 0,363,451,150,150
628,card-628.jpg,71,628,314,back,208 0,351,450,150,150
629,card-629.jpg,71,629,314,front,384 0,363,451,150,150
630,card-630.jpg,71,630,315,back,208 0,351,450,150,150
631,card-631.jpg,71,631,315,front,386 0,150,200,65,67
632,card-632.jpg,71,632,316,back,393 0,350,449,150,150
633,card-633.jpg,71,633,316,front,386 0,150,200,65,67
634,card-634.jpg,72,634,317,back,393 0,350,449,150,150
635,card-635.jpg,72,635,317,front,386 0,150,200,65,67
636,card-636.jpg,72,636,318,back,211 0,375,451,150,150
637,card-637.jpg,72,637,318,front,386 0,150,200,65,67
638,card-638.jpg,72,638,319,back,211 0,375,451,150,150
639,card-639.jpg,72,639,319,front,384 0,363,451,150,150
640,card-640.jpg,72,640,320,back,212 0,373,449,150,150
641,card-641.jpg,72,641,320,front,384 0,363,451,150,150
642,card-642.jpg,72,642,321,back,212 0,373,449,150,150
643,card-643.jpg,73,643,321,front,386 0,150,200,65,67
644,card-644.jpg,73,644,322,back,215 0,351,450,150,150
645,card-645.jpg,73,645,322,front,386 0,150,200,65,67
646,card-646.jpg,73,646,323,back,215 0,351,450,150,150
647,card-647.jpg,73,647,323,front,384 0,363,451,150,150
648,card-648.jpg,73,648,324,back,216 0,363,448,150,150
649,card-649.jpg,73,649,324,front,384 0,363,451,150,150
650,card-650.jpg,73,650,325,back,216 0,363,448,150,150
651,card-651.jpg,73,651,325,front,386 0,150,200,65,67
652,card-652.jpg,74,652,326,back,219 0,363,450,150,150
653,card-653.jpg,74,653,326,front,386 0,150,200,65,67
654,card-654.jpg,74,654,327,back,219 0,363,450,150,150
655,card-655.jpg,74,655,327,front,384 0,363,451,150,150
656,card-656.jpg,74,656,328,back,220 0,361,450,150,150
657,card-657.jpg,74,657,328,front,384 0,363,451,150,150
658,card-658.jpg,74,658,329,back,221 0,360,450,150,150
659,card-659.jpg,74,659,329,front,386 0,150,200,65,67
660,card-660.jpg,74,660,330,back,394 0,350,451,150,150
661,card-661.jpg,75,661,330,front,386 0,150,200,65,67
662,card-662.jpg,75,662,331,back,394 0,350,451,150,150
663,card-663.jpg,75,663,331,front,384 0,363,451,150,150
664,card-664.jpg,75,664,332,back,224 0,363,451,150,150
665,card-665.jpg,75,665,332,front,384 0,363,451,150,150
666,card-666.jpg,75,666,333,back,224 0,363,451,150,150
667,card-667.jpg,75,667,333,front,386 0,150,200,65,67
668,card-668.jpg,75,668,334,back,395 0,350,450,150,150
669,card-669.jpg,75,669,334,front,386 0,150,200,65,67
670,card-670.jpg,76,670,335,back,395 0,350,450,150,150
671,card-671.jpg,76,671,335,front,384 0,363,451,150,150
672,card-672.jpg,76,672,336,back,227 0,363,449,150,150
673,card-673.jpg,76,673,336,front,384 0,363,451,150,150
674,card-674.jpg,76,674,337,back,227 0,363,449,150,150
675,card-675.jpg,76,675,337,front,386 0,150,200,65,67
676,card-676.jpg,76,676,338,back,228 0,351,450,150,150
677,card-677.jpg,76,677,338,front,386 0,150,200,65,67
678,card-678.jpg,76,678,339,back,228 0,351,450,150,150
679,card-679.jpg,77,679,339,front,384 0,363,451,150,150
680,card-680.jpg,77,680,340,back,231 0,360,450,150,150
681,card-681.jpg,77,681,340,front,384 0,363,451,150,150
682,card-682.jpg,77,682,341,back,231 0,360,450,150,150
683,card-683.jpg,77,683,341,front,386 0,150,200,65,67
684,card-684.jpg,77,684,342,back,232 0,351,450,150,150
685,card-685.jpg,77,685,342,front,386 0,150,200,65,67
686,card-686.jpg,77,686,343,back,232 0,351,450,150,150
687,card-687.jpg,77,687,343,front,384 0,363,451,150,150
688,card-688.jpg,78,688,344,back,235 0,348,451,150,150
689,card-689.jpg,78,689,344,front,384 0,363,451,150,150
690,card-690.jpg,78,690,345,back,235 0,348,451,150,150
691,card-691.jpg,78,691,345,front,386 0,150,200,65,67
692,card-692.jpg,78,692,346,back,236 0,348,450,150,150
693,card-693.jpg,78,693,346,front,386 0,150,200,65,67
694,card-694.jpg,78,694,347,back,236 0,348,450,150,150
695,card-695.jpg,78,695,347,front,384 0,363,451,150,150
696,card-696.jpg,78,696,348,back,396 0,375,450,150,150
697,card-697.jpg,79,697,348,front,384 0,363,451,150,150
698,card-698.jpg,79,698,349,back,396 0,375,450,150,150
699,card-699.jpg,79,699,349,front,386 0,150,200,65,67
700,card-700.jpg,79,700,350,back,239 0,363,450,150,150
701,card-701.jpg,79,701,350,front,386 0,150,200,65,67
702,card-702.jpg,79,702,351,back,239 0,363,450,150,150
703,card-703.jpg,80,703,351,front,384 0,363,451,150,150
704,card-704.jpg,80,704,352,back,242 0,348,450,150,150
705,card-705.jpg,80,705,352,front,384 0,363,451,150,150
706,card-706.jpg,80,706,353,back,242 0,348,450,150,150
707,card-707.jpg,80,707,353,front,397 0,361,449,150,150
708,card-708.jpg,80,708,354,back,243 0,351,449,150,150
709,card-709.jpg,80,709,354,front,397 0,361,449,150,150
710,card-710.jpg,80,710,355,back,243 0,351,449,150,150
711,card-711.jpg,80,711,355,front,397 0,361,449,150,150
712,card-712.jpg,81,712,356,back,246 0,356,450,150,150
713,card-713.jpg,81,713,356,front,397 0,361,449,150,150
714,card-714.jpg,81,714,357,back,246 0,356,450,150,150
715,card-715.jpg,81,715,357,front,384 0,363,451,150,150
716,card-716.jpg,81,716,358,back,247 0,363,450,150,150
717,card-717.jpg,81,717,358,front,384 0,363,451,150,150
718,card-718.jpg,81,718,359,back,247 0,363,450,150,150
719,card-719.jpg,81,719,359,front,397 0,361,449,150,150
720,card-720.jpg,81,720,360,back,398 0,361,450,150,150
721,card-721.jpg,82,721,360,front,397 0,361,449,150,150
722,card-722.jpg,82,722,361,back,398 0,361,450,150,150
723,card-723.jpg,82,723,361,front,384 0,363,451,150,150
724,card-724.jpg,82,724,362,back,250 0,375,448,150,150
725,card-725.jpg,82,725,362,front,384 0,363,451,150,150
726,card-726.jpg,82,726,363,back,250 0,375,448,150,150
727,card-727.jpg,82,727,363,front,397 0,361,449,150,150
728,card-728.jpg,82,728,364,back,399 0,375,449,150,150
729,card-729.jpg,82,729,364,front,397 0,361,449,150,150
730,card-730.jpg,83,730,365,back,399 0,375,449,150,150
731,card-731.jpg,83,731,365,front,384 0,363,451,150,150
732,card-732.jpg,83,732,366,back,253 0,363,452,150,150
733,card-733.jpg,83,733,366,front,384 0,363,451,150,150
734,card-734.jpg,83,734,367,back,253 0,363,452,150,150
735,card-735.jpg,83,735,367,front,397 0,361,449,150,150
736,card-736.jpg,83,736,368,back,254 0,363,453,150,150
737,card-737.jpg,83,737,368,front,397 0,361,449,150,150
738,card-738.jpg,83,738,369,back,254 0,363,453,150,150
739,card-739.jpg,84,739,369,front,384 0,363,451,150,150
740,card-740.jpg,84,740,370,back,257 0,363,449,150,150
741,card-741.jpg,84,741,370,front,384 0,363,451,150,150
742,card-742.jpg,84,742,371,back,257 0,363,449,150,150
743,card-743.jpg,84,743,371,front,397 0,361,449,150,150
744,card-744.jpg,84,744,372,back,258 0,350,451,150,150
745,card-745.jpg,84,745,372,front,397 0,361,449,150,150
746,card-746.jpg,84,746,373,back,258 0,350,451,150,150
747,card-747.jpg,84,747,373,front,384 0,363,451,150,150
748,card-748.jpg,85,748,374,back,261 0,350,451,150,150
749,card-749.jpg,85,749,374,front,384 0,363,451,150,150
750,card-750.jpg,85,750,375,back,261 0,350,451,150,150
751,card-751.jpg,85,751,375,front,397 0,361,449,150,150
752,card-752.jpg,85,752,376,back,262 0,363,451,150,150
753,card-753.jpg,85,753,376,front,397 0,361,449,150,150
754,card-754.jpg,85,754,377,back,262 0,363,451,150,150
755,card-755.jpg,85,755,377,front,384 0,363,451,150,150
756,card-756.jpg,85,756,378,back,400 0,363,444,150,150
757,card-757.jpg,86,757,378,front,384 0,363,451,150,150
758,card-758.jpg,86,758,379,back,400 0,363,444,150,150
759,card-759.jpg,86,759,379,front,397 0,361,449,150,150
760,card-760.jpg,86,760,380,back,265 0,352,448,150,150
761,card-761.jpg,86,761,380,front,397 0,361,449,150,150
762,card-762.jpg,86,762,381,back,265 0,352,448,150,150
763,card-763.jpg,86,763,381,front,384 0,363,451,150,150
764,card-764.jpg,86,764,382,back,401 0,375,452,150,150
765,card-765.jpg,86,765,382,front,384 0,363,451,150,150
766,card-766.jpg,87,766,383,back,401 0,375,452,150,150
767,card-767.jpg,87,767,383,front,397 0,361,449,150,150
768,card-768.jpg,87,768,384,back,268 0,361,449,150,150
769,card-769.jpg,87,769,384,front,397 0,361,449,150,150
770,card-770.jpg,87,770,385,back,268 0,361,449,150,150
771,card-771.jpg,87,771,385,front,384 0,363,451,150,150
772,card-772.jpg,87,772,386,back,269 0,370,448,150,150
773,card-773.jpg,87,773,386,front,384 0,363,451,150,150
774,card-774.jpg,87,774,387,back,269 0,370,448,150,150
775,card-775.jpg,88,775,387,front,397 0,361,449,150,150
776,card-776.jpg,88,776,388,back,272 0,362,449,150,150
777,card-777.jpg,88,777,388,front,397 0,361,449,150,150
778,card-778.jpg,88,778,389,back,272 0,362,449,150,150
779,card-779.jpg,88,779,389,front,384 0,363,451,150,150
780,card-780.jpg,88,780,390,back,273 0,363,452,150,150
781,card-781.jpg,88,781,390,front,384 0,363,451,150,150
782,card-782.jpg,88,782,391,back,273 0,363,452,150,150
783,card-783.jpg,88,783,391,front,397 0,361,449,150,150
784,card-784.jpg,89,784,392,back,276 0,369,449,150,150
785,card-785.jpg,89,785,392,front,397 0,361,449,150,150
786,card-786.jpg,89,786,393,back,276 0,369,449,150,150
787,card-787.jpg,89,787,393,front,384 0,363,451,150,150
788,card-788.jpg,89,788,394,back,277 0,361,451,150,150
789,card-789.jpg,89,789,394,front,384 0,363,451,150,150
790,card-790.jpg,89,790,395,back,278 0,361,451,150,150
791,card-791.jpg,89,791,395,front,384 0,363,451,150,150
792,card-792.jpg,89,792,396,back,402 0,363,450,150,150
793,card-793.jpg,90,793,396,front,384 0,363,451,150,150
794,card-794.jpg,90,794,397,back,402 0,363,450,150,150
795,card-795.jpg,90,795,397,front,384 0,363,451,150,150
796,card-796.jpg,90,796,398,back,281 0,363,451,150,150
797,card-797.jpg,90,797,398,front,384 0,363,451,150,150
798,card-798.jpg,90,798,399,back,281 0,363,451,150,150
799,card-799.jpg,90,799,399,front,397 0,361,449,150,150
800,card-800.jpg,90,800,400,back,403 0,350,450,150,150
801,card-801.jpg,90,801,400,front,397 0,361,449,150,150
802,card-802.jpg,91,802,401,back,403 0,350,450,150,150
803,card-803.jpg,91,803,401,front,384 0,363,451,150,150
804,card-804.jpg,91,804,402,back,284 0,360,452,150,150
805,card-805.jpg,91,805,402,front,384 0,363,451,150,150
806,card-806.jpg,91,806,403,back,284 0,360,452,150,150
807,card-807.jpg,91,807,403,front,397 0,361,449,150,150
808,card-808.jpg,91,808,404,back,285 0,365,451,150,150
809,card-809.jpg,91,809,404,front,397 0,361,449,150,150
810,card-810.jpg,91,810,405,back,285 0,365,451,150,150
811,card-811.jpg,92,811,405,front,404 0,374,451,150,150
812,card-812.jpg,92,812,406,back,288 0,374,452,150,150
813,card-813.jpg,92,813,406,front,404 0,374,451,150,150
814,card-814.jpg,92,814,407,back,288 0,374,452,150,150
815,card-815.jpg,92,815,407,front,384 0,363,451,150,150
816,card-816.jpg,92,816,408,back,405 0,370,452,150,150
817,card-817.jpg,92,817,408,front,404 0,374,451,150,150
818,card-818.jpg,92,818,409,back,289 0,363,449,150,150
819,card-819.jpg,92,819,409,front,384 0,363,451,150,150
820,card-820.jpg,93,820,410,back,405 0,370,452,150,150
821,card-821.jpg,93,821,410,front,292 0,363,451,150,150
822,card-822.jpg,93,822,411,back,293 0,350,450,150,150
823,card-823.jpg,93,823,411,front,404 0,374,451,150,150
824,card-824.jpg,93,824,412,back,294 0,369,449,150,150
825,card-825.jpg,93,825,412,front,404 0,374,451,150,150
826,card-826.jpg,93,826,413,back,294 0,369,449,150,150
827,card-827.jpg,93,827,413,front,404 0,374,451,150,150
828,card-828.jpg,93,828,414,back,406 0,349,451,150,150
829,card-829.jpg,94,829,414,front,404 0,374,451,150,150
830,card-830.jpg,94,830,415,back,406 0,349,451,150,150
831,card-831.jpg,94,831,415,front,404 0,374,451,150,150
832,card-832.jpg,94,832,416,back,406 0,349,451,150,150
833,card-833.jpg,94,833,416,front,404 0,374,451,150,150
834,card-834.jpg,94,834,417,back,406 0,349,451,150,150
835,card-835.ppm,94,835,417,front,407 0,541,665,221,221
836,card-836.jpg,94,836,418,back,332 0,349,449,150,150
837,card-837.jpg,94,837,418,front,384 0,363,451,150,150
838,card-838.jpg,95,838,419,back,337 0,349,451,150,150
839,card-839.jpg,95,839,419,front,384 0,363,451,150,150
840,card-840.jpg,95,840,420,back,334 0,349,451,150,150
841,card-841.jpg,95,841,420,front,384 0,363,451,150,150
842,card-842.jpg,95,842,421,back,335 0,350,451,150,150
843,card-843.jpg,95,843,421,front,384 0,363,451,150,150
844,card-844.jpg,95,844,422,back,338 0,349,450,150,150
845,card-845.ppm,96,845,422,front,407 0,541,665,221,221
846,card-846.jpg,96,846,423,back,408 0,375,452,150,150
847,card-847.ppm,96,847,423,front,407 0,541,665,221,221
848,card-848.jpg,97,848,424,back,332 0,349,449,150,150
849,card-849.jpg,97,849,424,front,384 0,363,451,150,150
850,card-850.jpg,97,850,425,back,337 0,349,451,150,150
851,card-851.jpg,97,851,425,front,384 0,363,451,150,150
852,card-852.jpg,97,852,426,back,334 0,349,451,150,150
853,card-853.jpg,97,853,426,front,384 0,363,451,150,150
854,card-854.jpg,97,854,427,back,335 0,350,451,150,150
855,card-855.jpg,97,855,427,front,384 0,363,451,150,150
856,card-856.jpg,97,856,428,back,338 0,349,450,150,150
857,card-857.ppm,98,857,428,front,407 0,541,665,221,221
858,card-858.jpg,98,858,429,back,332 0,349,449,150,150
859,card-859.jpg,98,859,429,front,384 0,363,451,150,150
860,card-860.jpg,98,860,430,back,337 0,349,451,150,150
861,card-861.jpg,98,861,430,front,384 0,363,451,150,150
862,card-862.jpg,98,862,431,back,334 0,349,451,150,150
863,card-863.jpg,98,863,431,front,384 0,363,451,150,150
864,card-864.jpg,98,864,432,back,335 0,350,451,150,150
865,card-865.jpg,98,865,432,front,384 0,363,451,150,150
866,card-866.jpg,99,866,433,back,338 0,349,450,150,150
867,card-867.ppm,99,867,433,front,407 0,541,665,221,221
868,card-868.jpg,99,868,434,back,332 0,349,449,150,150
869,card-869.jpg,99,869,434,front,384 0,363,451,150,150
870,card-870.jpg,99,870,435,back,337 0,349,451,150,150
871,card-871.jpg,99,871,435,front,384 0,363,451,150,150
872,card-872.jpg,99,872,436,back,334 0,349,451,150,150
873,card-873.jpg,99,873,436,front,384 0,363,451,150,150
874,card-874.jpg,99,874,437,back,335 0,350,451,150,150
875,card-875.jpg,100,875,437,front,384 0,363,451,150,150
876,card-876.jpg,100,876,438,back,338 0,349,450,150,150
877,card-877.ppm,100,877,438,front,407 0,541,665,221,221
878,card-878.jpg,100,878,439,back,332 0,349,449,150,150
879,card-879.jpg,100,879,439,front,384 0,363,451,150,150
880,card-880.jpg,100,880,440,back,337 0,349,451,150,150
881,card-881.jpg,100,881,440,front,384 0,363,451,150,150
882,card-882.jpg,100,882,441,back,334 0,349,451,150,150
883,card-883.jpg,100,883,441,front,384 0,363,451,150,150
884,card-884.jpg,101,884,442,back,335 0,350,451,150,150
885,card-885.jpg,101,885,442,front,384 0,363,451,150,150
886,card-886.jpg,101,886,443,back,338 0,349,450,150,150
887,card-887.ppm,101,887,443,front,407 0,541,665,221,221
888,card-888.jpg,101,888,444,back,332 0,349,449,150,150
889,card-889.jpg,101,889,444,front,384 0,363,451,150,150
890,card-890.jpg,101,890,445,back,337 0,349,451,150,150
891,card-891.jpg,101,891,445,front,384 0,363,451,150,150
892,card-892.jpg,101,892,446,back,334 0,349,451,150,150
893,card-893.jpg,102,893,446,front,384 0,363,451,150,150
894,card-894.jpg,102,894,447,back,335 0,350,451,150,150
895,card-895.jpg,102,895,447,front,384 0,363,451,150,150
896,card-896.jpg,102,896,448,back,338 0,349,450,150,150
897,card-897.ppm,102,897,448,front,407 0,541,665,221,221
898,card-898.jpg,102,898,449,back,332 0,349,449,150,150
899,card-899.jpg,102,899,449,front,384 0,363,451,150,150
900,card-900.jpg,102,900,450,back,337 0,349,451,150,150
901,card-901.jpg,102,901,450,front,384 0,363,451,150,150
902,card-902.jpg,103,902,451,back,334 0,349,451,150,150
903,card-903.jpg,103,903,451,front,384 0,363,451,150,150
904,card-904.jpg,103,904,452,back,335 0,350,451,150,150
905,card-905.jpg,103,905,452,front,384 0,363,451,150,150
906,card-906.jpg,103,906,453,back,338 0,349,450,150,150
907,card-907.ppm,103,907,453,front,407 0,541,665,221,221
908,card-908.jpg,103,908,454,back,332 0,349,449,150,150
909,card-909.jpg,103,909,454,front,384 0,363,451,150,150
910,card-910.jpg,103,910,455,back,337 0,349,451,150,150
911,card-911.jpg,104,911,455,front,384 0,363,451,150,150
912,card-912.jpg,104,912,456,back,334 0,349,451,150,150
913,card-913.jpg,104,913,456,front,384 0,363,451,150,150
914,card-914.jpg,104,914,457,back,335 0,350,451,150,150
915,card-915.jpg,104,915,457,front,384 0,363,451,150,150
916,card-916.jpg,104,916,458,back,338 0,349,450,150,150
917,card-917.ppm,104,917,458,front,407 0,541,665,221,221
918,card-918.jpg,104,918,459,back,408 0,375,452,150,150
919,card-919.ppm,104,919,459,front,407 0,541,665,221,221
920,card-920.jpg,105,920,460,back,408 0,375,452,150,150
921,card-921.ppm,105,921,460,front,407 0,541,665,221,221
922,card-922.jpg,105,922,461,back,408 0,375,452,150,150
923,card-923.ppm,105,923,461,front,407 0,541,665,221,221
924,card-924.jpg,105,924,462,back,319 0,375,452,150,150
925,card-925.ppm,105,925,462,front,407 0,541,665,221,221
926,card-926.jpg,105,926,463,back,408 0,375,452,150,150
927,card-927.ppm,105,927,463,front,407 0,541,665,221,221
928,card-928.jpg,105,928,464,back,408 0,375,452,150,150
929,card-929.ppm,106,929,464,front,407 0,541,665,221,221
930,card-930.jpg,106,930,465,back,408 0,375,452,150,150
931,card-931.pbm,106,931,465,front,409 0,503,663,221,221
932,card-932.jpg,106,932,466,back,364 0,371,450,150,150
933,card-933.jpg,106,933,466,front,384 0,363,451,150,150
934,card-934.jpg,106,934,467,back,411 0,359,451,150,150
935,card-935.jpg,106,935,467,front,384 0,363,451,150,150
936,card-936.jpg,106,936,468,back,410 0,363,451,150,150
937,card-937.pbm,106,937,468,front,409 0,503,663,221,221
938,card-938.jpg,107,938,469,back,364 0,371,450,150,150
939,card-939.jpg,107,939,469,front,384 0,363,451,150,150
940,card-940.jpg,107,940,470,back,411 0,359,451,150,150
941,card-941.jpg,107,941,470,front,384 0,363,451,150,150
942,card-942.jpg,107,942,471,back,410 0,363,451,150,150
943,card-943.pbm,107,943,471,front,409 0,503,663,221,221
944,card-944.jpg,107,944,472,back,364 0,371,450,150,150
945,card-945.jpg,107,945,472,front,384 0,363,451,150,150
946,card-946.jpg,107,946,473,back,411 0,359,451,150,150
947,card-947.jpg,108,947,473,front,384 0,363,451,150,150
948,card-948.jpg,108,948,474,back,326 0,363,451,150,150
949,card-949.pbm,108,949,474,front,409 0,503,663,221,221
950,card-950.jpg,108,950,475,back,364 0,371,450,150,150
951,card-951.jpg,108,951,475,front,384 0,363,451,150,150
952,card-952.jpg,108,952,476,back,411 0,359,451,150,150
953,card-953.jpg,108,953,476,front,384 0,363,451,150,150
954,card-954.jpg,108,954,477,back,326 0,363,451,150,150
955,card-955.pbm,108,955,477,front,409 0,503,663,221,221
956,card-956.jpg,109,956,478,back,364 0,371,450,150,150
957,card-957.jpg,109,957,478,front,384 0,363,451,150,150
958,card-958.jpg,109,958,479,back,412 0,371,450,150,150
959,card-959.jpg,109,959,479,front,384 0,363,451,150,150
960,card-960.jpg,109,960,480,back,413 0,363,452,150,150
961,card-961.pbm,109,961,480,front,409 0,503,663,221,221
962,card-962.jpg,109,962,481,back,364 0,371,450,150,150
963,card-963.jpg,109,963,481,front,384 0,363,451,150,150
964,card-964.jpg,109,964,482,back,412 0,371,450,150,150
965,card-965.jpg,110,965,482,front,384 0,363,451,150,150
966,card-966.jpg,110,966,483,back,413 0,363,452,150,150
967,card-967.pbm,110,967,483,front,409 0,503,663,221,221
968,card-968.jpg,110,968,484,back,367 0,363,464,150,150
969,card-969.jpg,110,969,484,front,384 0,363,451,150,150
970,card-970.jpg,110,970,485,back,412 0,371,450,150,150
971,card-971.jpg,110,971,485,front,384 0,363,451,150,150
972,card-972.jpg,110,972,486,back,331 0,369,451,150,150
973,card-973.pbm,110,973,486,front,409 0,503,663,221,221
